#,priority,name,group,test_file,setup,do,analysis,answers,status,done,date,notes
1,P1,105_if_short.wav,0 floors,-,interface alone: shorted 3.5 mm plug (or the cable with the Pocket off),record 15 s,cymo_loopback.py analyze,Q1 / G-FLOOR: interface floor,original plan,yes,2026-10-08,analysed B-655
2,P1,105_idle.wav,0 floors,-,"core loaded, nothing playing",record 15 s,cymo_loopback.py analyze,Q1 / G-FLOOR: Pocket idle floor,original plan,yes,2026-10-08,analysed B-655
3,P1,105_sil_v100.wav,1 volume,silence_44100.flac,"core volume 100, 15-bit","start recording, wait 3 s, play, record 15 s",cymo_loopback.py analyze,Q1 / G-FLOOR: floor versus volume,original plan,yes,2026-10-08,analysed B-655
4,P1,105_sil_v70.wav,1 volume,silence_44100.flac,"core volume 70, 15-bit","start recording, wait 3 s, play, record 15 s",cymo_loopback.py analyze,Q1 / G-FLOOR: floor versus volume,original plan,yes,2026-10-08,analysed B-655
5,P1,105_sil_v40.wav,1 volume,silence_44100.flac,"core volume 40, 15-bit","start recording, wait 3 s, play, record 15 s",cymo_loopback.py analyze,Q1 / G-FLOOR: floor versus volume,original plan,yes,2026-10-08,analysed B-655
6,P1,105_sil_v10.wav,1 volume,silence_44100.flac,"core volume 10, 15-bit","start recording, wait 3 s, play, record 15 s",cymo_loopback.py analyze,Q1 / G-FLOOR: floor versus volume,original plan,yes,2026-10-08,analysed B-655
7,P1,105_tone_v100.wav,1 volume,tone_1k_48000.flac,"core volume 100, 15-bit","start recording, wait 3 s, play, record 12 s",cymo_loopback.py analyze,Q1 / G-FLOOR: SINAD versus volume,original plan,yes,2026-10-08,analysed B-655
8,P1,105_tone_v70.wav,1 volume,tone_1k_48000.flac,"core volume 70, 15-bit","start recording, wait 3 s, play, record 12 s",cymo_loopback.py analyze,Q1 / G-FLOOR: SINAD versus volume,original plan,yes,2026-10-08,analysed B-655
9,P1,105_tone_v40.wav,1 volume,tone_1k_48000.flac,"core volume 40, 15-bit","start recording, wait 3 s, play, record 12 s",cymo_loopback.py analyze,Q1 / G-FLOOR: SINAD versus volume,original plan,yes,2026-10-08,analysed B-655
10,P1,105_tone_v10.wav,1 volume,tone_1k_48000.flac,"core volume 10, 15-bit","start recording, wait 3 s, play, record 12 s",cymo_loopback.py analyze,Q1 / G-FLOOR: SINAD versus volume,original plan,yes,2026-10-08,analysed B-655
11,P1,105_sysvol_d00.wav,1b system volume,sysvol_48000.flac,"core volume 100, 15-bit; Pocket system volume d0 (press + to the end stop first, then - exactly 0 times)","record the whole file, 18 s",cymo_isp.py sysvol 105_sysvol_d*.wav (all nine together),Q1 / G-FLOOR: is the noise before or after the system volume,original plan,yes,2026-10-08,analysed B-655
12,P1,105_sysvol_d01.wav,1b system volume,sysvol_48000.flac,"core volume 100, 15-bit; Pocket system volume d1 (press + to the end stop first, then - exactly 1 times)","record the whole file, 18 s",cymo_isp.py sysvol 105_sysvol_d*.wav (all nine together),Q1 / G-FLOOR: is the noise before or after the system volume,original plan,yes,2026-10-08,analysed B-655
13,P1,105_sysvol_d02.wav,1b system volume,sysvol_48000.flac,"core volume 100, 15-bit; Pocket system volume d2 (press + to the end stop first, then - exactly 2 times)","record the whole file, 18 s",cymo_isp.py sysvol 105_sysvol_d*.wav (all nine together),Q1 / G-FLOOR: is the noise before or after the system volume,original plan,yes,2026-10-08,analysed B-655
14,P1,105_sysvol_d04.wav,1b system volume,sysvol_48000.flac,"core volume 100, 15-bit; Pocket system volume d4 (press + to the end stop first, then - exactly 4 times)","record the whole file, 18 s",cymo_isp.py sysvol 105_sysvol_d*.wav (all nine together),Q1 / G-FLOOR: is the noise before or after the system volume,original plan,yes,2026-10-08,analysed B-655
15,P1,105_sysvol_d08.wav,1b system volume,sysvol_48000.flac,"core volume 100, 15-bit; Pocket system volume d8 (press + to the end stop first, then - exactly 8 times)","record the whole file, 18 s",cymo_isp.py sysvol 105_sysvol_d*.wav (all nine together),Q1 / G-FLOOR: is the noise before or after the system volume,original plan,yes,2026-10-08,analysed B-655
16,P1,105_sysvol_d16.wav,1b system volume,sysvol_48000.flac,"core volume 100, 15-bit; Pocket system volume d16 (press + to the end stop first, then - exactly 16 times)","record the whole file, 18 s",cymo_isp.py sysvol 105_sysvol_d*.wav (all nine together),Q1 / G-FLOOR: is the noise before or after the system volume,original plan,yes,2026-10-08,analysed B-655
17,P1,105_sysvol_d24.wav,1b system volume,sysvol_48000.flac,"core volume 100, 15-bit; Pocket system volume d24 (press + to the end stop first, then - exactly 24 times)","record the whole file, 18 s",cymo_isp.py sysvol 105_sysvol_d*.wav (all nine together),Q1 / G-FLOOR: is the noise before or after the system volume,original plan,yes,2026-10-08,analysed B-655
18,P1,105_sysvol_d30.wav,1b system volume,sysvol_48000.flac,"core volume 100, 15-bit; Pocket system volume d30 (press + to the end stop first, then - exactly 30 times)","record the whole file, 18 s",cymo_isp.py sysvol 105_sysvol_d*.wav (all nine together),Q1 / G-FLOOR: is the noise before or after the system volume,original plan,yes,2026-10-08,analysed B-655
19,P1,105_sysvol_d31.wav,1b system volume,sysvol_48000.flac,"core volume 100, 15-bit; Pocket system volume d31 (press + to the end stop first, then - exactly 31 times)","record the whole file, 18 s",cymo_isp.py sysvol 105_sysvol_d*.wav (all nine together),Q1 / G-FLOOR: is the noise before or after the system volume,original plan,yes,2026-10-08,analysed B-655
20,P1,105_hw_on_v94.wav,2 HW gain A/B,tone_1k_48000.flac,"HW GAIN ON, core volume 94","start recording BEFORE pressing play (the 43 ms fade-in must be captured), record 12 s",cymo_loopback.py analyze / track,Q2 / G-HWGAIN,original plan,yes,2026-10-08,analysed B-656
21,P1,105_hw_off_v94.wav,2 HW gain A/B,tone_1k_48000.flac,"HW GAIN OFF, core volume 94","start recording BEFORE pressing play (the 43 ms fade-in must be captured), record 12 s",cymo_loopback.py analyze / track,Q2 / G-HWGAIN,original plan,yes,2026-10-08,analysed B-656
22,P1,105_hw_on_v70.wav,2 HW gain A/B,tone_1k_48000.flac,"HW GAIN ON, core volume 70","start recording BEFORE pressing play (the 43 ms fade-in must be captured), record 12 s",cymo_loopback.py analyze / track,Q2 / G-HWGAIN,original plan,yes,2026-10-08,analysed B-656
23,P1,105_hw_off_v70.wav,2 HW gain A/B,tone_1k_48000.flac,"HW GAIN OFF, core volume 70","start recording BEFORE pressing play (the 43 ms fade-in must be captured), record 12 s",cymo_loopback.py analyze / track,Q2 / G-HWGAIN,original plan,yes,2026-10-08,analysed B-656
24,P1,105_hw_on_step.wav,2 HW gain A/B,tone_1k_48000.flac,"HW GAIN ON; volume 94, then 70, then 94 DURING the tone",start recording before play; change the volume at about 4 s and 8 s,cymo_loopback.py track,Q2 / G-HWGAIN: step shape,original plan,yes,2026-10-08,"recorded; NOT a valid step test (6 s tone, volume went 70 to 94 by held key); redo with the 60 s tone (B-656)"
25,P1,105_hw_off_step.wav,2 HW gain A/B,tone_1k_48000.flac,"HW GAIN OFF; volume 94, then 70, then 94 DURING the tone",start recording before play; change the volume at about 4 s and 8 s,cymo_loopback.py track,Q2 / G-HWGAIN: step shape,original plan,yes,2026-10-08,"recorded; NOT a valid step test (6 s tone, volume went 70 to 94 by held key); redo with the 60 s tone (B-656)"
26,P2,105_a16_off_v94.wav,3 16-bit,tone_1k_48000.flac,"16-BIT OUTPUT OFF, core volume 94",record 12 s,cymo_loopback.py analyze,Q3 / G-A16: reference,original plan,yes,2026-10-08,analysed B-657
27,P2,105_a16_on_v85.wav,3 16-bit,tone_1k_48000.flac,"16-BIT OUTPUT ON (lower the volume BEFORE switching it on), core volume 85 (the volume moves in steps of 3, so 84 cannot be selected; 85 is 0.62 dB above level-matched, expect -11.40 dBFS against -12.02 OFF). Recorded as 105_a16_on_v84.wav",record 12 s,cymo_loopback.py analyze / compare,Q3 / G-A16: level-matched,original plan,yes,2026-10-08,analysed B-657; file is named 105_a16_on_v84.wav
28,P2,105_a16_on_v70.wav,3 16-bit,tone_1k_48000.flac,"16-BIT ON, core volume 70, interface gain as for 105_a16_on_v94 (lowered, note the knob); the 15-bit reference is 105_tone_v70",record the whole tone,cymo_loopback.py analyze / compare with 105_tone_v70,Q3 / G-A16: does the 6 dB pay where the fixed floor dominates (predicted SINAD +6 dB),NEW (B-654),,,
29,P2,105_a16_on_v40.wav,3 16-bit,tone_1k_48000.flac,"16-BIT ON, core volume 40, interface gain as for 105_a16_on_v94 (lowered, note the knob); the 15-bit reference is 105_tone_v40",record the whole tone,cymo_loopback.py analyze / compare with 105_tone_v40,Q3 / G-A16: does the 6 dB pay where the fixed floor dominates (predicted SINAD +6 dB),NEW (B-654),,,
30,P2,105_a16_on_v94.wav,3 16-bit,tone_1k_48000.flac,"16-BIT ON, core volume 94; lower the interface gain by about 6 dB first and note the knob",record 12 s,cymo_loopback.py analyze / compare,Q3 / G-A16: same volume,original plan,yes,2026-10-08,analysed B-657
31,P2,105_sil_a16_on_v94.wav,3 16-bit,silence_44100.flac,"16-BIT ON, core volume 94",record 15 s,cymo_loopback.py analyze,Q3 / G-A16: floor with 16-bit,original plan,yes,2026-10-08,analysed B-657
32,P2,105_spur_screen_on.wav,4 spur source,silence_44100.flac,"screen on, default meter",record 15 s,cymo_loopback.py analyze (spurs),Q4 / G-SPUR,original plan,yes,2026-10-08,analysed B-658
33,P2,105_spur_screen_blank.wav,4 spur source,silence_44100.flac,Settings > Appearance > SCREEN BLANK active,record 15 s,cymo_loopback.py analyze (spurs),Q4 / G-SPUR,original plan,yes,2026-10-08,analysed B-658
34,P2,105_spur_menu.wav,4 spur source,silence_44100.flac,a menu open and static,record 15 s,cymo_loopback.py analyze (spurs),Q4 / G-SPUR,original plan,yes,2026-10-08,analysed B-658
35,P2,105_spur_charger.wav,4 spur source,silence_44100.flac,"charger connected, screen on",record 15 s,cymo_loopback.py analyze (spurs),Q4 / G-SPUR,original plan,yes,2026-10-08,analysed B-658
36,P2,{c}_spur_paused.wav,4 spur source,silence_44100.flac,"play the silence file, then press Pause (the decoder stops; the I2S stream keeps clocking)",record 15 s,cymo_loopback.py analyze (band levels and spurs),"G-SPUR follow-up: why playing digital silence is 9.7 dB noisier than idle (if the floor falls back to idle (-82.5) the extra noise comes from decoding/CPU/SD activity; if it stays at -73, it is the DAC / amplifier state)",NEW (B-654),,,
37,P2,{c}_spur_stopped.wav,4 spur source,silence_44100.flac,"play the silence file, then Stop (back to the idle screen of the player)",record 15 s,cymo_loopback.py analyze (band levels and spurs),"G-SPUR follow-up: why playing digital silence is 9.7 dB noisier than idle (the same, with the player fully stopped)",NEW (B-654),,,
38,P2,{c}_spur_hwoff.wav,4 spur source,silence_44100.flac,"silence file playing, HW GAIN OFF",record 15 s,cymo_loopback.py analyze (band levels and spurs),G-SPUR follow-up: why playing digital silence is 9.7 dB noisier than idle (excludes the gain stage's activity),NEW (B-654),,,
39,P2,{c}_spur_mp3sil.wav,4 spur source,silence_44100.mp3,an MP3 silence file playing (silence_44100.mp3),record 15 s,cymo_loopback.py analyze (band levels and spurs),G-SPUR follow-up: why playing digital silence is 9.7 dB noisier than idle (FLAC against MP3 decoding load),NEW (B-654),,,
40,P2,105_load_v94.wav,load (optional),tone_1k_48000.flac,"32 ohm resistor across the jack, 15-bit, core volume 94",record 15 s,cymo_loopback.py analyze,G-LOAD: distortion under load,original plan,,,
41,P2,105_load_v100.wav,load (optional),tone_1k_48000.flac,"32 ohm resistor across the jack, 15-bit, core volume 100",record 15 s,cymo_loopback.py analyze,G-LOAD: distortion under load,original plan,,,
42,P2,105_isp_ladder_a16on.wav,5 inter-sample peaks,isp_ladder_48000.flac,"16-BIT ON, core volume 100, HW GAIN ON. SET THE INTERFACE GAIN FIRST: with the slot on the loudest section (+3 dBFS true peak) reaches about +6.6 dBFS at the gain used for the 15-bit takes, so lower it by about 13 dB (not 10) until the LAST section peaks near -3 dBFS: play just the end of the file, run `cymo_isp.py peak` on the trial, then record all three files at that one setting; never move the knob during a take; a take for which `peak` says INTERFACE CLIPPED is invalid","start recording, play the file once through (about 60 s for the ladder), stop","cymo_isp.py peak (the take is valid only if it says ok), then cymo_isp.py analyze --kind ladder",G-ISP,original plan,,,
43,P2,105_isp_ladder_a16off.wav,5 inter-sample peaks,isp_ladder_48000.flac,"16-BIT OFF, core volume 100, HW GAIN ON (the control)","start recording, play the file once through (about 60 s for the ladder), stop","cymo_isp.py peak (the take is valid only if it says ok), then cymo_isp.py analyze --kind ladder",G-ISP,original plan,,,
44,P2,105_isp_imd_a16on.wav,5 inter-sample peaks,isp_imd_48000.flac,"16-BIT ON, core volume 100, HW GAIN ON. SET THE INTERFACE GAIN FIRST: with the slot on the loudest section (+3 dBFS true peak) reaches about +6.6 dBFS at the gain used for the 15-bit takes, so lower it by about 13 dB (not 10) until the LAST section peaks near -3 dBFS: play just the end of the file, run `cymo_isp.py peak` on the trial, then record all three files at that one setting; never move the knob during a take; a take for which `peak` says INTERFACE CLIPPED is invalid","start recording, play the file once through (about 60 s for the ladder), stop","cymo_isp.py peak (the take is valid only if it says ok), then cymo_isp.py analyze --kind imd",G-ISP,original plan,,,
45,P2,105_isp_imd_a16off.wav,5 inter-sample peaks,isp_imd_48000.flac,"16-BIT OFF, core volume 100, HW GAIN ON (the control)","start recording, play the file once through (about 60 s for the ladder), stop","cymo_isp.py peak (the take is valid only if it says ok), then cymo_isp.py analyze --kind imd",G-ISP,original plan,,,
46,P2,105_isp_hot_a16on.wav,5 inter-sample peaks,isp_hot_48000.flac,"16-BIT ON, core volume 100, HW GAIN ON. SET THE INTERFACE GAIN FIRST: with the slot on the loudest section (+3 dBFS true peak) reaches about +6.6 dBFS at the gain used for the 15-bit takes, so lower it by about 13 dB (not 10) until the LAST section peaks near -3 dBFS: play just the end of the file, run `cymo_isp.py peak` on the trial, then record all three files at that one setting; never move the knob during a take; a take for which `peak` says INTERFACE CLIPPED is invalid","start recording, play the file once through (about 60 s for the ladder), stop","cymo_isp.py peak (the take is valid only if it says ok), then cymo_isp.py analyze --kind hot",G-ISP,original plan,,,
47,P2,105_isp_hot_a16off.wav,5 inter-sample peaks,isp_hot_48000.flac,"16-BIT OFF, core volume 100, HW GAIN ON (the control)","start recording, play the file once through (about 60 s for the ladder), stop","cymo_isp.py peak (the take is valid only if it says ok), then cymo_isp.py analyze --kind hot",G-ISP,original plan,,,
48,P1,{c}_cal_if_loop_tone.wav,6 calibration and repeatability,tone_1k_48000.flac,play the file from the INTERFACE's own output into its input (no Pocket),record 12 s,cymo_loopback.py analyze; response for the sweep,chain calibration: subtract the interface's own response and distortion from every later result,NEW (B-654),,,
49,P1,{c}_cal_if_loop_silence.wav,6 calibration and repeatability,silence_44100.flac,interface output muted into its input,record 15 s,cymo_loopback.py analyze; response for the sweep,chain calibration: subtract the interface's own response and distortion from every later result,NEW (B-654),,,
50,P1,{c}_cal_if_loop_sweep.wav,6 calibration and repeatability,sweep_20_20k_48000.flac,play the sweep from the interface's output into its input,record the whole file,cymo_loopback.py analyze; response for the sweep,chain calibration: subtract the interface's own response and distortion from every later result,NEW (B-654),,,
51,P1,{c}_rep_tone_v100_a.wav,6 calibration and repeatability,tone_1k_48000.flac,"core volume 100, standard settings; leave everything untouched between a, b, c",record 12 s,"compare level, SINAD, floor of a/b/c",repeatability: the size of a real difference,NEW (B-654),,,
52,P1,{c}_rep_tone_v100_b.wav,6 calibration and repeatability,tone_1k_48000.flac,"core volume 100, standard settings; leave everything untouched between a, b, c",record 12 s,"compare level, SINAD, floor of a/b/c",repeatability: the size of a real difference,NEW (B-654),,,
53,P1,{c}_rep_tone_v100_c.wav,6 calibration and repeatability,tone_1k_48000.flac,"core volume 100, standard settings; leave everything untouched between a, b, c",record 12 s,"compare level, SINAD, floor of a/b/c",repeatability: the size of a real difference,NEW (B-654),,,
54,P1,{c}_rep_tone_v100_cold.wav,6 calibration and repeatability,tone_1k_48000.flac,"power the Pocket off and on first, then core volume 100",record 12 s,compare with a/b/c,repeatability: cold boot,NEW (B-654),,,
55,P1,{c}_rep_idle_b.wav,6 calibration and repeatability,-,"core loaded, nothing playing (repeat of 105_idle on the new core)",record 15 s,cymo_loopback.py analyze,repeatability: floor; new core is not worse than 105,NEW (B-654),,,
56,P1,{c}_smoke_tone_v94_hwon.wav,6 calibration and repeatability,tone_1k_48000.flac,"HW GAIN ON, core volume 94 (the new core: Halcyon engine OFF)",record 12 s,cymo_loopback.py analyze,smoke: the new bitstream does not regress sessions 0-2,NEW (B-654),,,
57,P1,{c}_smoke_tone_v94_hwoff.wav,6 calibration and repeatability,tone_1k_48000.flac,"HW GAIN OFF, core volume 94",record 12 s,cymo_loopback.py compare with the previous row,smoke: G-HWGAIN on the bitstream that would ship,NEW (B-654),,,
58,P1,{c}_tog_hw_v94.wav,7 transitions,tone_1k_48000_60s.flac,core volume 94; Diagnostics > HW GAIN,"start recording, play; toggle HW GAIN every 4 s starting at 4 s, 6 times (ON/OFF alternate)","cymo_loopback.py track (events, steps)",hand-over click at low volume (the B-653 fix),NEW (B-654),,,
59,P1,{c}_tog_hw_v70.wav,7 transitions,tone_1k_48000_60s.flac,core volume 70; Diagnostics > HW GAIN,"start recording, play; toggle HW GAIN every 4 s starting at 4 s, 6 times (ON/OFF alternate)","cymo_loopback.py track (events, steps)",hand-over click at low volume (the B-653 fix),NEW (B-654),,,
60,P1,{c}_tog_hw_v40.wav,7 transitions,tone_1k_48000_60s.flac,core volume 40; Diagnostics > HW GAIN,"start recording, play; toggle HW GAIN every 4 s starting at 4 s, 6 times (ON/OFF alternate)","cymo_loopback.py track (events, steps)",hand-over click at low volume (the B-653 fix),NEW (B-654),,,
61,P1,{c}_tog_a16_v84.wav,7 transitions,tone_1k_48000_60s.flac,core volume 84; Diagnostics > 16-BIT OUTPUT,"toggle every 4 s, 6 times (lower the interface gain 6 dB first)",cymo_loopback.py track,16-bit toggle step (dip),NEW (B-654),,,
62,P1,{c}_tog_cymo_44k.wav,7 transitions,tone_1k_44100_60s.flac,"44.1 kHz file, 1.00x; Diagnostics > CYMO RESAMPLER","toggle every 4 s, 6 times",cymo_loopback.py track,resampler toggle step (dip) and settling,NEW (B-654),,,
63,P1,{c}_tog_hal_preset.wav,7 transitions,tone_1k_48000_60s.flac,Halcyon engine; press Y every 4 s through every preset and back to OFF,record 60 s,cymo_loopback.py track,preset change click (dip),NEW (B-654),,,
64,P1,{c}_tog_hal_slider.wav,7 transitions,tone_1k_48000_60s.flac,Settings > Audio > HALCYON EQ; move a slider from 0 to +5 and back at 4 s steps,record 60 s,cymo_loopback.py track,live slider moves are click-free,NEW (B-654),,,
65,P1,{c}_tog_vol_step.wav,7 transitions,tone_1k_48000_60s.flac,"core volume 94; press Down 5 times, then Up 5 times, a press every 2 s",record 40 s,cymo_loopback.py track,volume ramp is click-free,NEW (B-654),,,
66,P1,{c}_loop_tone_x10.wav,7 transitions,tone_1k_48000.flac,Repeat = one; let it loop 10 times,record the whole run (about 2 min),cymo_loopback.py track (events at every loop boundary),the unexplained first-repeat pop; loop boundary,NEW (B-654),,,
67,P1,{c}_trk_change_tonesab.wav,7 transitions,tone_1k_48000.flac + tone_1500_48000.flac,"play A, press Next at 6 s, let B play, press Previous",record 40 s,cymo_loopback.py track,track change pop; priming,NEW (B-654),,,
68,P1,{c}_soak_all_on_60m.wav,7 transitions,tone_1k_48000_60s.flac,"Repeat = one; HW GAIN ON, Cymo ON (44.1 kHz file variant not needed), Halcyon preset WARM, 16-bit OFF, meter running, screen on","unattended, record 60 min",cymo_loopback.py track (event list with times),"issue 023: the rare spike, everything on",NEW (B-654),,,
69,P1,{c}_soak_all_off_60m.wav,7 transitions,tone_1k_48000_60s.flac,"Repeat = one; Halcyon OFF, Cymo OFF, HW GAIN OFF, SCREEN BLANK on","unattended, record 60 min",cymo_loopback.py track,issue 023: the same soak with the new code out of the path,NEW (B-654),,,
70,P1,{c}_hal_off_tone.wav,8 Halcyon,tone_1k_48000.flac,"Halcyon OFF, core volume 94",record 12 s,cymo_loopback.py analyze + track (look for sidebands at +-30 Hz: the flutter),the flutter fix; FLAT/OFF transparency; loudness match,NEW (B-654),,,
71,P1,{c}_hal_flat_tone.wav,8 Halcyon,tone_1k_48000.flac,"Halcyon FLAT, core volume 94",record 12 s,cymo_loopback.py analyze + track (look for sidebands at +-30 Hz: the flutter),the flutter fix; FLAT/OFF transparency; loudness match,NEW (B-654),,,
72,P1,{c}_hal_warm_tone.wav,8 Halcyon,tone_1k_48000.flac,"Halcyon WARM, core volume 94",record 12 s,cymo_loopback.py analyze + track (look for sidebands at +-30 Hz: the flutter),the flutter fix; FLAT/OFF transparency; loudness match,NEW (B-654),,,
73,P1,{c}_hal_clear_tone.wav,8 Halcyon,tone_1k_48000.flac,"Halcyon CLEAR, core volume 94",record 12 s,cymo_loopback.py analyze + track (look for sidebands at +-30 Hz: the flutter),the flutter fix; FLAT/OFF transparency; loudness match,NEW (B-654),,,
74,P1,{c}_hal_bass_tone.wav,8 Halcyon,tone_1k_48000.flac,"Halcyon BASS, core volume 94",record 12 s,cymo_loopback.py analyze + track (look for sidebands at +-30 Hz: the flutter),the flutter fix; FLAT/OFF transparency; loudness match,NEW (B-654),,,
75,P1,{c}_hal_vocal_tone.wav,8 Halcyon,tone_1k_48000.flac,"Halcyon VOCAL, core volume 94",record 12 s,cymo_loopback.py analyze + track (look for sidebands at +-30 Hz: the flutter),the flutter fix; FLAT/OFF transparency; loudness match,NEW (B-654),,,
76,P1,{c}_hal_speech_tone.wav,8 Halcyon,tone_1k_48000.flac,"Halcyon SPEECH, core volume 94",record 12 s,cymo_loopback.py analyze + track (look for sidebands at +-30 Hz: the flutter),the flutter fix; FLAT/OFF transparency; loudness match,NEW (B-654),,,
77,P1,{c}_hal_lowvol_tone.wav,8 Halcyon,tone_1k_48000.flac,"Halcyon LOWVOL, core volume 94",record 12 s,cymo_loopback.py analyze + track (look for sidebands at +-30 Hz: the flutter),the flutter fix; FLAT/OFF transparency; loudness match,NEW (B-654),,,
78,P1,{c}_hal_smooth_tone.wav,8 Halcyon,tone_1k_48000.flac,"Halcyon SMOOTH, core volume 94",record 12 s,cymo_loopback.py analyze + track (look for sidebands at +-30 Hz: the flutter),the flutter fix; FLAT/OFF transparency; loudness match,NEW (B-654),,,
79,P1,{c}_hal_off_silence.wav,8 Halcyon,silence_44100.flac,Halcyon OFF,record 15 s,cymo_loopback.py analyze,floor with the engine out,NEW (B-654),,,
80,P1,{c}_hal_flat_silence.wav,8 Halcyon,silence_44100.flac,"Halcyon FLAT (engine on, bypass inside)",record 15 s,cymo_loopback.py analyze,the engine adds no noise,NEW (B-654),,,
81,P1,107_ctl_oldeq_pop_tone.wav,8 Halcyon,tone_1k_48000.flac,"ON TAU_DEV_107 (still has the old EQ): old EQ preset POP (press Y three times), Halcyon OFF, core volume 94",record 12 s,cymo_loopback.py track,control: the flutter exists on the old build (proves the measurement sees it),NEW (B-654),,,
82,P1,107_ctl_oldeq_flat_tone.wav,8 Halcyon,tone_1k_48000.flac,"ON TAU_DEV_107: old EQ FLAT, core volume 94",record 12 s,cymo_loopback.py track,control: FLAT has none,NEW (B-654),,,
83,P1,{c}_fr_off_sweep.wav,8 Halcyon,sweep_20_20k_48000.flac,"Halcyon OFF, core volume 94",record the whole file (about 30 s),cymo_loopback.py response,"the chain's own response (DAC, amp, interface)",NEW (B-654),,,
84,P2,{c}_fr_hal_flat_sweep.wav,8 Halcyon,sweep_20_20k_48000.flac,"Halcyon FLAT, core volume 94",record the whole file,"cymo_loopback.py response, divided by the OFF sweep; compare with the page's curve",the displayed curve and the loudness match are true,NEW (B-654),,,
85,P2,{c}_fr_hal_warm_sweep.wav,8 Halcyon,sweep_20_20k_48000.flac,"Halcyon WARM, core volume 94",record the whole file,"cymo_loopback.py response, divided by the OFF sweep; compare with the page's curve",the displayed curve and the loudness match are true,NEW (B-654),,,
86,P2,{c}_fr_hal_clear_sweep.wav,8 Halcyon,sweep_20_20k_48000.flac,"Halcyon CLEAR, core volume 94",record the whole file,"cymo_loopback.py response, divided by the OFF sweep; compare with the page's curve",the displayed curve and the loudness match are true,NEW (B-654),,,
87,P2,{c}_fr_hal_bass_sweep.wav,8 Halcyon,sweep_20_20k_48000.flac,"Halcyon BASS, core volume 94",record the whole file,"cymo_loopback.py response, divided by the OFF sweep; compare with the page's curve",the displayed curve and the loudness match are true,NEW (B-654),,,
88,P2,{c}_fr_hal_vocal_sweep.wav,8 Halcyon,sweep_20_20k_48000.flac,"Halcyon VOCAL, core volume 94",record the whole file,"cymo_loopback.py response, divided by the OFF sweep; compare with the page's curve",the displayed curve and the loudness match are true,NEW (B-654),,,
89,P2,{c}_fr_hal_speech_sweep.wav,8 Halcyon,sweep_20_20k_48000.flac,"Halcyon SPEECH, core volume 94",record the whole file,"cymo_loopback.py response, divided by the OFF sweep; compare with the page's curve",the displayed curve and the loudness match are true,NEW (B-654),,,
90,P2,{c}_fr_hal_lowvol_sweep.wav,8 Halcyon,sweep_20_20k_48000.flac,"Halcyon LOWVOL, core volume 94",record the whole file,"cymo_loopback.py response, divided by the OFF sweep; compare with the page's curve",the displayed curve and the loudness match are true,NEW (B-654),,,
91,P2,{c}_fr_hal_smooth_sweep.wav,8 Halcyon,sweep_20_20k_48000.flac,"Halcyon SMOOTH, core volume 94",record the whole file,"cymo_loopback.py response, divided by the OFF sweep; compare with the page's curve",the displayed curve and the loudness match are true,NEW (B-654),,,
92,P1,{c}_fr_lf_tones.wav,8 Halcyon,lf_tones_48000.flac,"Halcyon FLAT (infrasonic stage on), core volume 94","play the file (10, 17, 20, 30, 50 Hz in steps)",cymo_loopback.py analyze per step,what the 17 Hz high-pass does,NEW (B-654),,,
93,P2,{c}_ch_left_only.wav,9 stereo (see note),ch_left_only_48000.flac,"stereo capture, or capture the LEFT (tip) in this take",record 12 s,"cymo_loopback.py analyze, both channels","balance, crosstalk (gain-stage balance targets, crossfeed)",NEW (B-654),,,
94,P2,{c}_ch_right_only.wav,9 stereo (see note),ch_right_only_48000.flac,"capture the RIGHT (ring) in this take, or both channels",record 12 s,"cymo_loopback.py analyze, both channels","balance, crosstalk",NEW (B-654),,,
95,P2,{c}_ch_impulse_l.wav,9 stereo (see note),ch_impulse_l_48000.flac,Halcyon OFF; then repeat the pair with FLAT,record 10 s,impulse position per channel,no one-sample skew between channels (the pair fix on hardware),NEW (B-654),,,
96,P2,{c}_ch_impulse_r.wav,9 stereo (see note),ch_impulse_r_48000.flac,as above,record 10 s,impulse position per channel,no one-sample skew,NEW (B-654),,,
97,P2,{c}_lvl_a15_levels.wav,10 levels and quantisation,levels_48000.flac,"15-bit (16-BIT OUTPUT OFF), core volume 100","record the whole file (1 kHz at -20, -40, -60, -70, -80, -90 dBFS, 10 s each)",cymo_loopback.py analyze per section,G-FLOOR: how much dither / the final quantiser matter,NEW (B-654),,,
98,P2,{c}_lvl_a15_fade24.wav,10 levels and quantisation,fade24_48000.flac,"15-bit (16-BIT OUTPUT OFF), core volume 100",record the whole file (a 24-bit 1 kHz sine fading to -100 dBFS),"cymo_loopback.py analyze, harmonics versus level",G-FLOOR: quantisation distortion at low level,NEW (B-654),,,
99,P2,{c}_lvl_a16_levels.wav,10 levels and quantisation,levels_48000.flac,"16-BIT OUTPUT ON, interface gain lowered 6 dB, core volume 100","record the whole file (1 kHz at -20, -40, -60, -70, -80, -90 dBFS, 10 s each)",cymo_loopback.py analyze per section,G-FLOOR: how much dither / the final quantiser matter,NEW (B-654),,,
100,P2,{c}_lvl_a16_fade24.wav,10 levels and quantisation,fade24_48000.flac,"16-BIT OUTPUT ON, interface gain lowered 6 dB, core volume 100",record the whole file (a 24-bit 1 kHz sine fading to -100 dBFS),"cymo_loopback.py analyze, harmonics versus level",G-FLOOR: quantisation distortion at low level,NEW (B-654),,,
101,P2,{c}_load_open_tone.wav,11 load and impedance,tone_1k_48000.flac,"load: open across the jack, 15-bit, core volume 94",record 12 s,level versus load gives the output impedance,G-LOAD,NEW (B-654),,,
102,P2,{c}_load_300r_tone.wav,11 load and impedance,tone_1k_48000.flac,"load: 300r across the jack, 15-bit, core volume 94",record 12 s,level versus load gives the output impedance,G-LOAD,NEW (B-654),,,
103,P2,{c}_load_32r_tone.wav,11 load and impedance,tone_1k_48000.flac,"load: 32r across the jack, 15-bit, core volume 94",record 12 s,level versus load gives the output impedance,G-LOAD,NEW (B-654),,,
104,P2,{c}_load_16r_tone.wav,11 load and impedance,tone_1k_48000.flac,"load: 16r across the jack, 15-bit, core volume 94",record 12 s,level versus load gives the output impedance,G-LOAD,NEW (B-654),,,
105,P2,{c}_load_iem_sweep.wav,11 load and impedance,sweep_20_20k_48000.flac,"your IEM or headphone connected, interface across its terminals through a high-impedance tap",record the whole file,cymo_loopback.py response,G-LOAD: the frequency-dependent effect on correction presets,NEW (B-654),,,
106,P3,{c}_rs_fir_tone_1k.wav,12 44.1 kHz resampler,tone_1k_44100.flac,"44.1 kHz file at 1.00x; CYMO RESAMPLER ON, Halcyon FLAT, core volume 94",record 12 s (the sweep: the whole file),"cymo_loopback.py analyze (level, SINAD, images); response for the sweep",resampler on the production path; the 18 kHz tone is where FIR and cubic differ,NEW (B-654),,,
107,P3,{c}_rs_hold_tone_1k.wav,12 44.1 kHz resampler,tone_1k_44100.flac,"44.1 kHz file at 1.00x; CYMO RESAMPLER OFF, Halcyon FLAT, core volume 94",record 12 s (the sweep: the whole file),"cymo_loopback.py analyze (level, SINAD, images); response for the sweep",resampler on the production path; the 18 kHz tone is where FIR and cubic differ,NEW (B-654),,,
108,P3,{c}_rs_fir_tone_10k.wav,12 44.1 kHz resampler,tone_10k_44100.flac,"44.1 kHz file at 1.00x; CYMO RESAMPLER ON, Halcyon FLAT, core volume 94",record 12 s (the sweep: the whole file),"cymo_loopback.py analyze (level, SINAD, images); response for the sweep",resampler on the production path; the 18 kHz tone is where FIR and cubic differ,NEW (B-654),,,
109,P3,{c}_rs_hold_tone_10k.wav,12 44.1 kHz resampler,tone_10k_44100.flac,"44.1 kHz file at 1.00x; CYMO RESAMPLER OFF, Halcyon FLAT, core volume 94",record 12 s (the sweep: the whole file),"cymo_loopback.py analyze (level, SINAD, images); response for the sweep",resampler on the production path; the 18 kHz tone is where FIR and cubic differ,NEW (B-654),,,
110,P3,{c}_rs_fir_tone_18k.wav,12 44.1 kHz resampler,tone_18k_44100.flac,"44.1 kHz file at 1.00x; CYMO RESAMPLER ON, Halcyon FLAT, core volume 94",record 12 s (the sweep: the whole file),"cymo_loopback.py analyze (level, SINAD, images); response for the sweep",resampler on the production path; the 18 kHz tone is where FIR and cubic differ,NEW (B-654),,,
111,P3,{c}_rs_hold_tone_18k.wav,12 44.1 kHz resampler,tone_18k_44100.flac,"44.1 kHz file at 1.00x; CYMO RESAMPLER OFF, Halcyon FLAT, core volume 94",record 12 s (the sweep: the whole file),"cymo_loopback.py analyze (level, SINAD, images); response for the sweep",resampler on the production path; the 18 kHz tone is where FIR and cubic differ,NEW (B-654),,,
112,P3,{c}_rs_fir_sweep.wav,12 44.1 kHz resampler,sweep_20_20k_44100.flac,"44.1 kHz file at 1.00x; CYMO RESAMPLER ON, Halcyon FLAT, core volume 94",record 12 s (the sweep: the whole file),"cymo_loopback.py analyze (level, SINAD, images); response for the sweep",resampler on the production path; the 18 kHz tone is where FIR and cubic differ,NEW (B-654),,,
113,P3,{c}_rs_hold_sweep.wav,12 44.1 kHz resampler,sweep_20_20k_44100.flac,"44.1 kHz file at 1.00x; CYMO RESAMPLER OFF, Halcyon FLAT, core volume 94",record 12 s (the sweep: the whole file),"cymo_loopback.py analyze (level, SINAD, images); response for the sweep",resampler on the production path; the 18 kHz tone is where FIR and cubic differ,NEW (B-654),,,
114,P3,{c}_rs_hold_24k_tone.wav,12 44.1 kHz resampler,tone_1k_24000.flac,CYMO RESAMPLER OFF (hold),record 12 s,cymo_loopback.py analyze,baseline images before extending the resampler to other rates,NEW (B-654),,,
115,P3,{c}_rs_hold_32k_tone.wav,12 44.1 kHz resampler,tone_1k_32000.flac,CYMO RESAMPLER OFF (hold),record 12 s,cymo_loopback.py analyze,baseline images before extending the resampler to other rates,NEW (B-654),,,
116,P3,{c}_rs_hold_22k_tone.wav,12 44.1 kHz resampler,tone_1k_22050.flac,CYMO RESAMPLER OFF (hold),record 12 s,cymo_loopback.py analyze,baseline images before extending the resampler to other rates,NEW (B-654),,,
117,P3,{c}_rg_off.wav,13 ReplayGain,rg_tone_m6_48000.flac,REPLAYGAIN Off,record 12 s,level,ReplayGain accuracy: the reference,NEW (B-654),,,
118,P3,{c}_rg_track.wav,13 ReplayGain,rg_tone_m6_48000.flac,REPLAYGAIN Track (the file carries a track gain of -6.00 dB),record 12 s,level should be 6.0 dB below the reference (+-0.1),ReplayGain accuracy,NEW (B-654),,,
119,P3,{c}_rg_album.wav,13 ReplayGain,rg_tone_m6_48000.flac,REPLAYGAIN Album (album gain -3.00 dB in the tags),record 12 s,level should be 3.0 dB below the reference (+-0.1),ReplayGain accuracy,NEW (B-654),,,
120,P3,{c}_tempo_1p5_tone.wav,14 tempo (low priority),tone_1k_44100_60s.flac,"TEMPO on (MP3 variant of the tone), speed 1.50x",record 20 s,cymo_loopback.py track: the fundamental stays 1000 Hz,C7: pitch preservation,NEW (B-654),,,
121,P3,{c}_tempo_1p5_speech.wav,14 tempo (low priority),speech clip (MP3),"TEMPO on, speed 1.50x",record 30 s; listen,"listening, plus the event list",C7: artifacts,NEW (B-654),,,
